workshopId,startDate,startTime,submittedAt,requestedByEmail
UTW-1,06/01/2025,19:00,06/01/2025 12:12:46,nitin@mysoulschool.in
UTW-2,13/01/2025,19:00,06/01/2025 12:20:58,nitin@mysoulschool.in
UTW-3,20/01/2025,19:00,20/01/2025 16:52:46,nitin@mysoulschool.in
UTW-4,27/01/2025,19:00,20/01/2025 17:03:39,nitin@mysoulschool.in
UTW-5,10/02/2025,19:00,05/02/2025 19:16:18,nitin@mysoulschool.in
UTW-6,17/02/2025,19:00,07/02/2025 08:23:51,nitin@mysoulschool.in
UTW-7,24/02/2025,19:00,16/02/2025 11:57:37,nitin@mysoulschool.in
UTW-8,03/03/2025,19:00,04/03/2025 12:31:24,nitin@mysoulschool.in
ICP-1,08/03/2025,16:00,04/03/2025 12:32:16,nitin@mysoulschool.in
UTW-9,10/03/2025,19:00,11/03/2025 12:32:01,nitin@mysoulschool.in
ICP-2,15/03/2025,16:00,11/03/2025 12:32:28,nitin@mysoulschool.in
UTW-10,17/03/2025,19:00,11/03/2025 12:33:46,nitin@mysoulschool.in
UTW-11,24/03/2025,19:00,18/03/2025 13:01:23,nitin@mysoulschool.in
UTW-12,31/03/2025,19:00,18/03/2025 13:02:35,nitin@mysoulschool.in
ICP-3,22/03/2025,16:00,18/03/2025 13:04:57,nitin@mysoulschool.in
ICP-4,29/03/2025,16:00,18/03/2025 13:05:41,nitin@mysoulschool.in
UTW-21,05/05/2025,19:00,05/05/2025 13:19:12,tanvi_negi@mysoulschool.in
ICP-12,10/05/2025,16:00,05/05/2025 13:20:02,tanvi_negi@mysoulschool.in
UTW-22,12/05/2025,16:00,05/05/2025 13:20:28,tanvi_negi@mysoulschool.in
UTW-23,12/05/2025,16:00,10/05/2025 17:37:09,tanvi_negi@mysoulschool.in
ICP-13,17/05/2025,16:00,10/05/2025 17:37:39,tanvi_negi@mysoulschool.in
UTW-24,19/05/2025,16:00,10/05/2025 17:38:07,tanvi_negi@mysoulschool.in
UTW-25,26/05/2025,16:00,19/05/2025 12:23:07,tanvi_negi@mysoulschool.in
ICP-14,24/05/2025,16:00,19/05/2025 12:24:01,tanvi_negi@mysoulschool.in
UTW-26,02/06/2025,16:00,19/05/2025 12:24:29,tanvi_negi@mysoulschool.in
ICP-15,07/06/2025,16:00,27/05/2025 15:18:03,tanvi_negi@mysoulschool.in
UTW-27,09/06/2025,16:00,27/05/2025 15:18:54,tanvi_negi@mysoulschool.in
ICP-16,14/06/2025,16:00,02/06/2025 13:03:46,tanvi_negi@mysoulschool.in
UTW-28,16/06/2025,16:00,02/06/2025 13:04:23,tanvi_negi@mysoulschool.in
ICP-17,21/06/2025,16:00,10/06/2025 14:13:15,tanvi_negi@mysoulschool.in
UTW-29,23/06/2025,16:00,10/06/2025 14:13:39,tanvi_negi@mysoulschool.in
ICP-18,28/06/2025,16:00,10/06/2025 14:14:00,tanvi_negi@mysoulschool.in
UTW-30,30/06/2025,16:00,16/06/2025 12:35:03,tanvi_negi@mysoulschool.in
ICP-19,05/07/2025,16:00,16/06/2025 12:35:35,tanvi_negi@mysoulschool.in
UTW-31,07/07/2025,16:00,16/06/2025 12:36:21,tanvi_negi@mysoulschool.in
ICP-20,12/07/2025,16:00,23/06/2025 12:17:54,tanvi_negi@mysoulschool.in
UTW-32,14/07/2025,16:00,23/06/2025 12:18:28,tanvi_negi@mysoulschool.in
ICP-21,19/07/2025,16:00,23/06/2025 12:19:06,tanvi_negi@mysoulschool.in
UTW-33,21/07/2025,19:00,30/06/2025 11:05:47,tanvi_negi@mysoulschool.in
ICP-22,26/07/2025,19:00,30/06/2025 11:06:16,tanvi_negi@mysoulschool.in
UTW-34,28/07/2025,19:00,30/06/2025 11:06:53,tanvi_negi@mysoulschool.in
ICP-23,02/08/2025,16:00,11/07/2025 13:34:46,tanvi_negi@mysoulschool.in
UTW-35,04/08/2025,16:00,11/07/2025 13:35:13,tanvi_negi@mysoulschool.in
ICP-24,09/08/2025,16:00,11/07/2025 13:38:47,tanvi_negi@mysoulschool.in
UTW-36,11/08/2025,16:00,18/07/2025 13:43:30,tanvi_negi@mysoulschool.in
ICP-25,23/08/2025,16:00,18/07/2025 13:44:02,tanvi_negi@mysoulschool.in
UTW-37,18/08/2025,16:00,18/07/2025 13:44:47,tanvi_negi@mysoulschool.in
ICP-26,30/08/2025,16:00,25/07/2025 13:48:48,tanvi_negi@mysoulschool.in
UTW-38,25/08/2025,16:00,25/07/2025 13:49:24,tanvi_negi@mysoulschool.in
ICP-27,06/09/2025,16:00,25/07/2025 13:49:51,tanvi_negi@mysoulschool.in
UTW-39,01/09/2025,16:00,08/08/2025 16:29:12,tanvi_negi@mysoulschool.in
UTW-40,08/09/2025,16:00,22/08/2025 22:34:21,tanvi_negi@mysoulschool.in
ICP-28,13/09/2025,16:00,22/08/2025 22:34:52,tanvi_negi@mysoulschool.in
UTW-41,15/09/2025,16:00,22/08/2025 22:35:18,tanvi_negi@mysoulschool.in
ICP-29,20/09/2025,16:00,29/08/2025 14:21:16,tanvi_negi@mysoulschool.in
UTW-42,22/09/2025,16:00,29/08/2025 14:22:08,tanvi_negi@mysoulschool.in
ICP-30,27/09/2025,16:00,29/08/2025 14:22:35,tanvi_negi@mysoulschool.in
UTW-43,29/09/2025,16:00,05/09/2025 18:53:57,tanvi_negi@mysoulschool.in
ICP-31,04/10/2025,16:00,05/09/2025 18:54:31,tanvi_negi@mysoulschool.in
UTW-44,06/10/2025,16:00,05/09/2025 18:55:12,tanvi_negi@mysoulschool.in
ICP-32,11/10/2025,16:00,19/09/2025 20:43:24,tanvi_negi@mysoulschool.in
UTW-45,13/10/2025,16:00,19/09/2025 20:43:56,tanvi_negi@mysoulschool.in
R12-1,11/10/2025,11:00,04/10/2025 13:45:14,tanvi_negi@mysoulschool.in
ICP-34,18/10/2025,18:00,09/10/2025 12:49:06,tanvi_negi@mysoulschool.in
THW-1,25/10/2025,11:00,09/10/2025 12:49:46,tanvi_negi@mysoulschool.in
UTW-46,27/10/2025,16:00,13/10/2025 15:07:28,tanvi_negi@mysoulschool.in
ICP-35,01/11/2025,16:00,17/10/2025 12:38:40,tanvi_negi@mysoulschool.in
UTW-47,03/11/2025,16:00,17/10/2025 12:39:18,tanvi_negi@mysoulschool.in
R12-2,15/11/2025,11:00,17/10/2025 12:40:44,tanvi_negi@mysoulschool.in
ICP-36,08/11/2025,16:00,17/10/2025 12:41:08,tanvi_negi@mysoulschool.in
UTW-48,10/11/2025,16:00,17/10/2025 12:42:01,tanvi_negi@mysoulschool.in
ICP-37,15/11/2025,16:00,24/10/2025 14:35:03,tanvi_negi@mysoulschool.in
UTW-49,17/11/2025,16:00,24/10/2025 14:35:47,tanvi_negi@mysoulschool.in
ICP-38,22/11/2025,16:00,24/10/2025 14:36:29,tanvi_negi@mysoulschool.in
UTW-50,24/11/2025,16:00,31/10/2025 14:36:29,tanvi_negi@mysoulschool.in
ICP-39,29/11/2025,16:00,31/10/2025 14:38:04,tanvi_negi@mysoulschool.in
THW-2,08/11/2025,11:00,31/10/2025 14:48:53,tanvi_negi@mysoulschool.in
THW-3,06/12/2025,11:00,07/11/2025 16:12:35,tanvi_negi@mysoulschool.in
UTW-51,01/12/2025,16:00,07/11/2025 16:14:35,tanvi_negi@mysoulschool.in
ICP-40,06/12/2025,16:00,07/11/2025 16:16:42,tanvi_negi@mysoulschool.in
UTW-52,08/12/2025,16:00,07/11/2025 16:17:37,tanvi_negi@mysoulschool.in
ICP-41,13/12/2025,16:00,14/11/2025 14:48:01,tanvi_negi@mysoulschool.in
UTW-53,15/12/2025,16:00,14/11/2025 14:48:39,tanvi_negi@mysoulschool.in
THW-4,27/12/2025,11:00,20/11/2025 14:15:43,tanvi_negi@mysoulschool.in
ICP-42,20/12/2025,11:00,20/11/2025 14:16:57,tanvi_negi@mysoulschool.in
UTW-54,22/12/2025,16:00,20/11/2025 14:17:23,tanvi_negi@mysoulschool.in
ICP-43,27/12/2025,16:00,20/11/2025 14:18:24,tanvi_negi@mysoulschool.in
R12-3,22/12/2025,16:00,12/12/2025 15:38:40,tanvi_negi@mysoulschool.in
UTW-55,29/12/2025,16:00,12/12/2025 15:39:35,tanvi_negi@mysoulschool.in
ICP-44,03/01/2026,16:00,12/12/2025 15:42:28,tanvi_negi@mysoulschool.in
UTW-56,05/01/2026,16:00,12/12/2025 15:43:36,tanvi_negi@mysoulschool.in
THW-5,10/01/2026,11:00,12/12/2025 15:44:45,tanvi_negi@mysoulschool.in
ICP-45,10/01/2026,16:00,12/12/2025 15:45:12,tanvi_negi@mysoulschool.in
UTW-57,12/01/2026,16:00,26/12/2025 18:33:23,tanvi_negi@mysoulschool.in
ICP-46,17/01/2026,16:00,26/12/2025 18:34:04,tanvi_negi@mysoulschool.in
UTW-58,19/01/2026,16:00,26/12/2025 18:34:44,tanvi_negi@mysoulschool.in
THW-6,24/01/2026,11:00,26/12/2025 18:35:54,tanvi_negi@mysoulschool.in
ICP-47,24/01/2026,16:00,26/12/2025 18:36:23,tanvi_negi@mysoulschool.in
UTW-59,26/01/2026,19:00,26/12/2025 18:37:03,tanvi_negi@mysoulschool.in
ICP-48,31/01/2026,16:00,26/12/2025 18:37:36,tanvi_negi@mysoulschool.in
UTW-60,02/02/2026,16:00,26/12/2025 18:38:23,tanvi_negi@mysoulschool.in
R12-4,17/01/2026,11:00,07/01/2026 16:16:11,tanvi_negi@mysoulschool.in
THW-7,07/02/2026,11:00,07/01/2026 16:20:05,tanvi_negi@mysoulschool.in
ICP-49,07/02/2026,16:00,07/01/2026 16:20:35,tanvi_negi@mysoulschool.in
UTW-61,09/02/2026,16:00,07/01/2026 16:21:35,tanvi_negi@mysoulschool.in
ICP-50,14/02/2026,16:00,07/01/2026 16:23:19,tanvi_negi@mysoulschool.in
UTW-62,16/02/2026,16:00,07/01/2026 16:23:57,tanvi_negi@mysoulschool.in
ICP-51,21/02/2026,16:00,07/01/2026 16:24:49,tanvi_negi@mysoulschool.in
R12-5,21/02/2026,11:00,07/01/2026 16:25:23,tanvi_negi@mysoulschool.in
UTW-63,23/02/2026,16:00,16/01/2026 16:43:07,tanvi_negi@mysoulschool.in
ICP-52,28/02/2026,16:00,16/01/2026 16:44:39,tanvi_negi@mysoulschool.in
THW-8,28/02/2026,11:00,16/01/2026 16:45:50,tanvi_negi@mysoulschool.in
UTW-64,02/03/2026,16:00,16/01/2026 16:47:53,tanvi_negi@mysoulschool.in
ICP-53,07/03/2026,16:00,16/01/2026 16:51:52,tanvi_negi@mysoulschool.in
UTW-65,09/03/2026,16:00,16/01/2026 16:52:51,tanvi_negi@mysoulschool.in
ICP-54,14/03/2026,16:00,30/01/2026 16:43:34,tanvi_negi@mysoulschool.in
UTW-66,16/03/2026,16:00,30/01/2026 16:44:26,tanvi_negi@mysoulschool.in
ICP-55,21/03/2026,16:00,30/01/2026 16:44:52,tanvi_negi@mysoulschool.in
R12-6,21/03/2026,11:00,30/01/2026 16:45:32,tanvi_negi@mysoulschool.in
UTW-67,23/03/2026,16:00,04/02/2026 16:08:13,tanvi_negi@mysoulschool.in
ICP-56,28/03/2026,16:00,04/02/2026 16:08:37,tanvi_negi@mysoulschool.in
THW-10,28/03/2026,11:00,04/02/2026 16:09:14,tanvi_negi@mysoulschool.in
UTW-68,30/03/2026,16:00,04/02/2026 16:09:38,tanvi_negi@mysoulschool.in
THW-11,04/04/2026,11:00,27/02/2026 21:04:26,tanvi_negi@mysoulschool.in
ICP-57,04/04/2026,16:00,27/02/2026 21:04:53,tanvi_negi@mysoulschool.in
UTW-69,06/04/2026,16:00,27/02/2026 21:05:22,tanvi_negi@mysoulschool.in
ICP-58,11/04/2026,16:00,27/02/2026 21:06:10,tanvi_negi@mysoulschool.in
UTW-70,13/04/2026,16:00,27/02/2026 21:07:36,tanvi_negi@mysoulschool.in
R12-7,18/04/2026,11:00,27/02/2026 21:08:45,tanvi_negi@mysoulschool.in
ICP-59,18/04/2026,16:00,27/02/2026 21:09:09,tanvi_negi@mysoulschool.in
UTW-71,20/04/2026,16:00,27/02/2026 21:10:01,tanvi_negi@mysoulschool.in
ICP-60,25/04/2026,16:00,27/02/2026 21:11:08,tanvi_negi@mysoulschool.in
THW-12,25/04/2026,11:00,27/02/2026 21:11:57,tanvi_negi@mysoulschool.in
UTW-72,27/04/2026,16:00,09/04/2026 20:01:08,tanvi_negi@mysoulschool.in
ICP-61,02/05/2026,16:00,09/04/2026 20:01:43,tanvi_negi@mysoulschool.in
THW-13,02/05/2026,11:00,09/04/2026 20:02:29,tanvi_negi@mysoulschool.in
UTW-73,04/05/2026,16:00,09/04/2026 20:03:02,tanvi_negi@mysoulschool.in
ICP-62,09/05/2026,16:00,09/04/2026 20:03:40,tanvi_negi@mysoulschool.in
UTW-74,11/05/2026,16:00,09/04/2026 20:04:11,tanvi_negi@mysoulschool.in
ICP-63,16/05/2026,16:00,09/04/2026 20:05:11,tanvi_negi@mysoulschool.in
THW-14,16/05/2026,11:00,09/04/2026 20:06:50,tanvi_negi@mysoulschool.in
UTW-75,18/05/2026,16:00,09/04/2026 20:07:20,tanvi_negi@mysoulschool.in
ICP-64,23/05/2026,16:00,09/04/2026 20:07:57,tanvi_negi@mysoulschool.in
UTW-76,25/05/2026,16:00,09/04/2026 20:08:25,tanvi_negi@mysoulschool.in
ICP-65,30/05/2026,16:00,09/04/2026 20:08:57,tanvi_negi@mysoulschool.in
R12-8,23/05/2026,11:00,15/05/2026 18:40:51,tanvi_negi@mysoulschool.in
UTW-77,01/06/2026,16:00,15/05/2026 18:41:59,tanvi_negi@mysoulschool.in
ICP-66,06/06/2026,16:00,15/05/2026 18:43:11,tanvi_negi@mysoulschool.in
R12-9,06/06/2026,11:00,15/05/2026 18:43:41,tanvi_negi@mysoulschool.in
UTW-78,08/06/2026,16:00,15/05/2026 18:44:05,tanvi_negi@mysoulschool.in
ICP-67,13/06/2026,16:00,15/05/2026 18:45:01,tanvi_negi@mysoulschool.in
THW-15,13/06/2026,11:00,15/05/2026 18:47:24,tanvi_negi@mysoulschool.in
UTW-79,22/06/2026,16:00,15/05/2026 18:48:51,tanvi_negi@mysoulschool.in
ICP-68,27/06/2026,16:00,15/05/2026 18:49:12,tanvi_negi@mysoulschool.in
UTW-80,29/06/2026,16:00,15/05/2026 18:50:04,tanvi_negi@mysoulschool.in
ICP-69,04/07/2026,16:00,18/06/2026 19:51:51,tanvi_negi@mysoulschool.in
UTW-81,06/07/2026,16:00,18/06/2026 19:53:02,tanvi_negi@mysoulschool.in
ICP-70,10/07/2026,12:00,18/06/2026 19:53:23,tanvi_negi@mysoulschool.in
UTW-82,13/07/2026,16:00,18/06/2026 19:53:51,tanvi_negi@mysoulschool.in
ICP-71,17/07/2026,12:00,18/06/2026 19:54:14,tanvi_negi@mysoulschool.in
THW-16,04/07/2026,11:00,29/06/2026 20:06:28,tanvi_negi@mysoulschool.in
UTW-83,20/07/2026,16:00,18/07/2026 11:37:23,tanvi_negi@mysoulschool.in
ICP-72,24/07/2026,12:00,18/07/2026 11:38:51,tanvi_negi@mysoulschool.in
THW-17,25/07/2026,11:00,18/07/2026 11:39:55,tanvi_negi@mysoulschool.in
UTW-84,03/08/2026,16:00,18/07/2026 11:50:11,tanvi_negi@mysoulschool.in
ICP-73,07/08/2026,12:00,18/07/2026 11:50:41,tanvi_negi@mysoulschool.in
THW-18,01/08/2026,11:00,18/07/2026 11:51:50,tanvi_negi@mysoulschool.in
UTW-85,10/08/2026,16:00,18/07/2026 11:53:30,tanvi_negi@mysoulschool.in
ICP-74,14/08/2026,12:00,18/07/2026 11:54:06,tanvi_negi@mysoulschool.in
UTW-86,17/08/2026,16:00,18/07/2026 11:54:49,tanvi_negi@mysoulschool.in
ICP-75,21/08/2026,12:00,18/07/2026 11:55:23,tanvi_negi@mysoulschool.in
UTW-87,27/07/2026,16:00,18/07/2026 11:55:54,tanvi_negi@mysoulschool.in
ICP-76,28/08/2026,12:00,18/07/2026 11:58:12,tanvi_negi@mysoulschool.in
R12-13,27/07/2026,12:00,23/07/2026 19:10:12,tanvi_negi@mysoulschool.in
R12-14,30/07/2026,12:00,27/07/2026 16:38:45,tanvi_negi@mysoulschool.in
ICP-77,01/08/2026,16:00,27/07/2026 16:39:47,tanvi_negi@mysoulschool.in
R12-15,03/08/2026,18:30,27/07/2026 16:41:02,tanvi_negi@mysoulschool.in
R12-16,06/08/2026,18:00,27/07/2026 16:41:28,tanvi_negi@mysoulschool.in
ICP-78,08/08/2026,16:00,27/07/2026 16:47:58,tanvi_negi@mysoulschool.in
ICP-79,14/08/2026,12:00,27/07/2026 16:55:01,tanvi_negi@mysoulschool.in
THW-19,22/08/2026,11:00,27/07/2026 16:56:52,tanvi_negi@mysoulschool.in
ICP-80,22/08/2026,16:00,27/07/2026 16:57:31,tanvi_negi@mysoulschool.in
UTW-88,24/08/2026,16:00,27/07/2026 16:59:34,tanvi_negi@mysoulschool.in
ICP-81,29/08/2026,16:00,27/07/2026 17:01:39,tanvi_negi@mysoulschool.in
R12-17,13/08/2026,18:00,11/08/2026 14:37:23,tanvi_negi@mysoulschool.in
R12-18,20/08/2026,18:00,17/08/2026 14:12:45,tanvi_negi@mysoulschool.in
R12-19,20/08/2026,18:00,17/08/2026 14:13:02,tanvi_negi@mysoulschool.in
R12-20,27/08/2026,18:00,22/08/2026 20:55:12,tanvi_negi@mysoulschool.in
UTW-89,31/08/2026,16:00,22/08/2026 20:57:56,tanvi_negi@mysoulschool.in
R12-21,27/08/2026,18:00,22/08/2026 20:58:28,tanvi_negi@mysoulschool.in
UTW-90,07/09/2026,16:00,22/08/2026 21:00:31,tanvi_negi@mysoulschool.in
R12-22,10/09/2026,18:00,22/08/2026 21:01:10,tanvi_negi@mysoulschool.in
THW-20,12/09/2026,11:00,22/08/2026 21:01:55,tanvi_negi@mysoulschool.in
UTW-91,14/09/2026,16:00,22/08/2026 21:02:27,tanvi_negi@mysoulschool.in
R12-23,17/09/2026,18:00,12/09/2026 19:27:55,tanvi_negi@mysoulschool.in
ICP-82,19/09/2026,16:00,12/09/2026 19:30:16,tanvi_negi@mysoulschool.in
UTW-93,14/09/2026,16:00,12/09/2026 19:32:10,tanvi_negi@mysoulschool.in
R12-24,24/09/2026,18:00,12/09/2026 19:33:01,tanvi_negi@mysoulschool.in
ICP-83,26/09/2026,16:00,12/09/2026 19:33:34,tanvi_negi@mysoulschool.in
UTW-94,28/09/2026,16:00,12/09/2026 19:34:00,tanvi_negi@mysoulschool.in
R12-25,01/10/2026,18:00,12/09/2026 19:34:42,tanvi_negi@mysoulschool.in
ICP-84,03/10/2026,16:00,12/09/2026 19:35:25,tanvi_negi@mysoulschool.in
UTW-95,05/10/2026,16:00,12/09/2026 19:35:52,tanvi_negi@mysoulschool.in
R12-26,08/10/2026,18:00,12/09/2026 19:37:02,tanvi_negi@mysoulschool.in
THW-21,03/10/2026,11:00,12/09/2026 19:37:33,tanvi_negi@mysoulschool.in
UTW-96,05/10/2026,16:00,18/09/2026 17:16:05,aravind@mysoulschool.in
